trainNo,StopNo,StationCode,Day of Journey,Arrival,Departure,Distance
657,1,ERS,1,23:25,23:25,0
657,2,TCR,2,0:40,1:10,74
657,3,PGT,2,5:05,5:25,151
657,6,ED,2,9:25,9:55,306
658,14,ED,3,23:00,0:10,2051
658,17,PGT,4,6:35,7:00,2206
658,18,TCR,4,8:50,10:10,2283
658,19,ERS,4,12:30,12:30,2357
6011,7,MDU,1,15:19,15:24,471
6011,11,TEN,1,18:35,18:45,628
6011,13,NCJ,1,20:25,20:25,701
6012,1,NCJ,1,16:35,16:35,0
6012,3,TEN,1,17:46,17:51,73
6012,7,MDU,1,20:55,21:05,230
6013,1,ALLP,1,17:35,17:35,0
6013,8,KYJ,1,18:31,18:32,43
6013,14,QLN,1,19:30,19:30,84
6014,1,QLN,1,3:45,3:45,0
6014,7,KYJ,1,4:45,4:46,41
6014,14,ALLP,1,5:50,5:50,84
6015,1,ERS,1,16:00,16:00,0
6015,12,ALLP,1,17:30,17:30,57
6016,1,ALLP,1,7:25,7:25,0
6016,12,ERS,1,9:00,9:00,57
6017,1,SRR,1,4:30,4:30,0
6017,7,TCR,1,5:19,5:21,34
6017,21,ERN,1,7:35,7:37,106
6017,22,ERS,1,7:45,7:45,108
6018,1,ERS,1,17:40,17:40,0
6018,2,ERN,1,17:48,17:50,3
6018,16,TCR,1,19:37,19:39,74
6018,22,SRR,1,20:40,20:40,109
6035,8,MDU,2,4:45,4:50,471
6035,19,PUU,2,11:10,11:15,694
6035,23,QLN,2,12:45,12:50,738
6035,24,KCVL,2,13:40,13:40,796
6036,1,KCVL,1,15:35,15:35,0
6036,2,QLN,1,16:30,16:45,58
6036,6,PUU,1,17:40,17:45,102
6036,17,MDU,1,23:15,23:20,325
6067,6,MDU,1,10:41,10:44,496
6067,8,TEN,1,12:42,12:45,653
6067,9,NCJ,1,13:50,13:50,726
6068,1,NCJ,1,14:20,14:20,0
6068,2,TEN,1,15:22,15:25,73
6068,4,MDU,1,17:19,17:22,230
6423,1,QLN,1,6:50,6:50,0
6423,16,KCVL,1,8:17,8:18,58
6423,18,TVC,1,8:45,8:45,64
6424,1,TVC,1,17:55,17:55,0
6424,3,KCVL,1,18:15,18:16,6
6424,18,QLN,1,19:50,19:50,64
6425,1,QLN,1,15:55,15:55,0
6425,16,KCVL,1,17:32,17:33,58
6425,18,TVC,1,17:45,17:45,64
6426,1,NCJ,1,6:25,6:25,0
6426,14,TVC,1,8:25,8:30,71
6426,15,KCVL,1,8:43,8:44,77
6426,22,QLN,1,10:20,10:20,135
6427,1,QLN,1,15:35,15:35,0
6427,8,KCVL,1,16:42,16:43,58
6427,9,TVC,1,17:16,17:31,64
6427,22,NCJ,1,19:25,19:25,135
6428,1,NCJ,1,18:20,18:20,0
6428,14,TVC,1,20:05,20:08,71
6428,15,KCVL,1,20:20,20:20,77
6429,1,KCVL,1,13:40,13:40,0
6429,3,TVC,1,13:55,13:58,6
6429,16,NCJ,1,16:25,16:25,77
6430,1,NCJ,1,8:05,8:05,0
6430,14,TVC,1,9:50,9:55,71
6430,16,KCVL,1,10:25,10:25,77
6431,1,KTYM,1,5:40,5:40,0
6431,8,KYJ,1,6:45,6:47,55
6431,14,QLN,1,7:40,7:40,96
6433,1,KCVL,1,6:30,6:30,0
6433,2,TVC,1,6:45,6:50,6
6433,15,NCJ,1,8:55,8:55,77
6434,1,KTYM,1,17:20,17:20,0
6434,9,ERS,1,18:55,18:55,60
6435,1,TVC,1,18:00,18:00,0
6435,14,NCJ,1,20:05,20:05,71
6438,1,ERS,1,6:10,6:10,0
6438,2,ERN,1,6:18,6:20,3
6438,16,TCR,1,8:15,8:17,74
6438,18,GUV,1,8:45,8:45,97
6439,1,GUV,1,6:50,6:50,0
6439,3,TCR,1,7:20,7:23,23
6439,16,ERN,1,9:08,9:10,94
6439,17,ERS,1,9:25,9:25,97
6441,1,ERS,1,20:10,20:10,0
6441,6,ALLP,1,21:33,21:42,57
6441,11,KYJ,1,22:35,22:36,100
6441,17,QLN,1,23:35,23:35,141
6442,1,QLN,1,21:05,21:05,0
6442,7,KYJ,1,22:08,22:09,41
6442,13,KTYM,1,23:10,23:13,96
6442,20,ERS,2,0:30,0:30,156
6443,1,ERS,1,18:15,18:15,0
6443,12,KTYM,1,19:53,20:05,59
6443,19,KYJ,1,21:20,21:21,114
6443,25,QLN,1,22:15,22:15,155
6444,1,QLN,1,4:20,4:20,0
6444,7,KYJ,1,5:18,5:19,41
6444,14,KTYM,1,6:29,6:31,96
6444,25,ERS,1,8:10,8:10,156
6445,1,GUV,1,9:15,9:15,0
6445,3,TCR,1,9:55,9:55,23
6446,1,TCR,1,11:35,11:35,0
6446,3,GUV,1,12:05,12:05,23
6447,1,GUV,1,13:30,13:30,0
6447,3,TCR,1,13:56,13:58,23
6447,17,ERN,1,16:16,16:18,94
6447,18,ERS,1,16:25,16:25,97
6448,1,ERS,1,19:40,19:40,0
6448,2,ERN,1,19:48,19:50,3
6448,15,TCR,1,21:40,21:42,74
6448,17,GUV,1,22:30,22:30,97
6449,1,ERS,1,7:50,7:50,0
6449,12,ALLP,1,9:25,9:25,57
6450,1,KYJ,1,8:50,8:50,0
6450,8,ALLP,1,9:48,9:53,43
6450,19,ERS,1,11:30,11:30,100
6451,1,ERS,1,18:25,18:25,0
6451,12,ALLP,1,19:56,19:58,57
6451,19,KYJ,1,21:05,21:05,100
6452,1,ALLP,1,18:20,18:20,0
6452,12,ERS,1,19:50,19:50,57
6453,1,ERS,1,7:45,7:45,0
6453,12,KTYM,1,9:30,9:30,59
6461,1,SRR,1,22:10,22:10,0
6461,7,TCR,1,23:10,23:10,34
6495,1,TCR,1,17:35,17:35,0
6495,7,SRR,1,18:45,18:45,35
6497,1,SRR,1,12:05,12:05,0
6497,7,TCR,1,13:00,13:00,34
6639,1,PUU,1,6:35,6:35,0
6639,7,QLN,1,7:55,8:05,44
6639,10,TVC,1,9:25,9:52,108
6639,18,NCJ,1,11:35,11:35,179
6640,1,CAPE,1,15:10,15:10,0
6640,2,NCJ,1,15:32,15:37,16
6640,11,TVC,1,17:19,17:37,87
6640,14,QLN,1,18:55,19:00,151
6640,20,PUU,1,20:15,20:15,195
6641,1,NCJ,1,18:50,18:50,0
6641,9,TEN,1,20:40,20:40,73
6642,1,TEN,1,7:10,7:10,0
6642,9,NCJ,1,8:55,8:55,73
6643,1,NCJ,1,10:35,10:35,0
6643,2,CAPE,1,10:55,10:55,16
6661,1,PUU,1,19:25,19:25,0
6661,10,QLN,1,20:40,20:40,44
6666,1,QLN,1,17:35,17:35,0
6666,10,PUU,1,19:05,19:05,44
6669,1,PUU,1,8:10,8:10,0
6669,10,QLN,1,9:30,9:30,44
6670,1,QLN,1,6:20,6:20,0
6670,10,PUU,1,7:35,7:35,44
6768,1,QLN,1,8:00,8:00,0
6768,7,KYJ,1,8:59,9:00,41
6768,14,KTYM,1,10:07,10:09,96
6768,25,ERS,1,12:00,12:00,156
6769,1,ERS,1,13:35,13:35,0
6769,12,KTYM,1,15:00,15:02,59
6769,19,KYJ,1,16:21,16:22,114
6769,25,QLN,1,17:20,17:20,155
6770,1,QLN,1,9:05,9:05,0
6770,7,KYJ,1,10:06,10:08,41
6770,14,ALLP,1,11:15,11:15,84
6771,1,ALLP,1,13:15,13:15,0
6771,8,KYJ,1,14:15,14:17,43
6771,14,QLN,1,15:20,15:20,84
6772,1,QLN,1,11:35,11:35,0
6772,16,KCVL,1,12:59,13:00,58
6772,18,TVC,1,13:15,13:18,64
6772,31,NCJ,1,15:28,15:32,135
6772,32,CAPE,1,15:50,15:50,150
6773,1,CAPE,1,16:00,16:00,0
6773,2,NCJ,1,16:20,16:52,16
6773,15,TVC,1,19:02,19:07,87
6773,17,KCVL,1,19:18,19:41,93
6773,32,QLN,1,21:25,21:25,151
6777,1,ERS,1,6:00,6:00,0
6777,12,KTYM,1,7:35,7:38,59
6777,19,KYJ,1,8:52,8:54,114
6777,25,QLN,1,10:00,10:00,155
6778,1,QLN,1,11:00,11:00,0
6778,7,KYJ,1,12:04,12:05,41
6778,14,KTYM,1,13:11,13:13,96
6778,25,ERS,1,14:50,14:50,156
6785,1,KTYM,1,17:40,17:40,0
6785,8,KYJ,1,18:53,18:54,55
6785,14,QLN,1,20:15,20:15,96
6786,1,QLN,1,14:40,14:40,0
6786,7,KYJ,1,15:35,15:36,41
6786,14,KTYM,1,16:55,16:55,96
6797,1,PGT,1,7:20,7:20,0
6797,13,TCR,1,9:10,9:12,76
6797,27,ERN,1,11:03,11:05,148
6797,28,ERS,1,11:15,11:15,151
6798,1,ERS,1,14:45,14:45,0
6798,2,ERN,1,14:53,14:54,3
6798,16,TCR,1,16:44,16:45,74
6798,28,PGT,1,18:35,18:35,151
7435,22,MDU,2,18:00,18:05,1279
7435,26,TEN,2,21:05,21:10,1436
7435,27,NCJ,2,22:30,22:30,1509
7436,1,NCJ,1,0:30,0:30,0
7436,2,TEN,1,2:00,2:05,73
7436,6,MDU,1,4:15,4:20,230
10215,11,CLT,2,6:45,6:50,537
10215,13,SRR,2,8:20,8:30,624
10215,14,TCR,2,9:11,9:14,658
10215,16,ERS,2,11:00,11:00,732
10216,1,ERS,1,13:25,13:25,0
10216,3,TCR,1,14:48,14:51,74
10216,4,SRR,1,15:40,15:45,109
10216,6,CLT,1,17:05,17:10,194
11097,33,CLT,2,23:10,23:15,1071
11097,35,SRR,3,0:45,0:57,1157
11097,36,TCR,3,1:36,1:39,1191
11097,38,ERN,3,2:58,3:00,1263
11097,39,ERS,3,3:15,3:15,1265
11098,1,ERS,1,18:50,18:50,0
11098,3,TCR,1,20:20,20:23,74
11098,4,SRR,1,21:09,21:17,109
11098,6,CLT,1,22:32,22:35,194
12075,1,CLT,1,13:45,13:45,0
12075,3,SRR,1,15:05,15:18,86
12075,4,TCR,1,15:57,15:59,120
12075,6,ERS,1,17:25,17:30,194
12075,8,ALLP,1,18:34,18:36,251
12075,9,KYJ,1,19:28,19:30,295
12075,10,QLN,1,20:12,20:14,336
12075,12,TVC,1,21:25,21:25,399
12076,1,TVC,1,5:55,5:55,0
12076,3,QLN,1,7:00,7:02,64
12076,4,KYJ,1,7:42,7:43,105
12076,5,ALLP,1,8:23,8:25,149
12076,7,ERS,1,9:16,9:21,206
12076,9,TCR,1,10:33,10:35,280
12076,10,SRR,1,11:33,11:38,314
12076,12,CLT,1,13:00,13:00,400
12081,4,CLT,1,6:10,6:15,89
12081,6,SRR,1,7:40,7:50,176
12081,7,TCR,1,8:32,8:34,210
12081,8,ERN,1,9:50,9:53,281
12081,9,KTYM,1,11:00,11:03,340
12081,13,KYJ,1,12:20,12:22,395
12081,14,QLN,1,13:02,13:04,436
12081,15,TVC,1,14:10,14:10,500
12082,1,TVC,1,14:50,14:50,0
12082,2,QLN,1,15:50,15:52,64
12082,3,KYJ,1,16:32,16:34,105
12082,8,KTYM,1,17:53,17:56,160
12082,9,ERN,1,19:12,19:15,220
12082,10,TCR,1,20:28,20:31,291
12082,11,SRR,1,21:30,21:35,326
12082,13,CLT,1,22:57,23:00,412
12201,19,CLT,2,14:00,14:05,1110
12201,21,SRR,2,15:40,15:55,1197
12201,22,TCR,2,16:33,16:36,1231
12201,23,ERN,2,18:00,18:05,1302
12201,24,KTYM,2,19:12,19:15,1361
12201,28,KYJ,2,20:26,20:28,1416
12201,29,QLN,2,21:10,21:13,1457
12201,30,KCVL,2,22:45,22:45,1515
12202,1,KCVL,1,7:45,7:45,0
12202,2,QLN,1,8:50,8:53,58
12202,3,KYJ,1,9:33,9:35,99
12202,7,KTYM,1,10:39,10:42,154
12202,8,ERN,1,11:58,12:03,214
12202,9,TCR,1,13:10,13:13,285
12202,10,SRR,1,14:32,14:40,320
12202,12,CLT,1,15:57,16:00,405
12217,1,KCVL,1,4:50,4:50,0
12217,2,QLN,1,5:47,5:50,58
12217,3,KYJ,1,6:27,6:29,99
12217,4,ALLP,1,7:32,7:44,142
12217,7,ERS,1,9:35,9:40,199
12217,8,TCR,1,11:07,11:10,273
12217,9,SRR,1,12:00,12:20,308
12217,11,CLT,1,13:35,13:40,394
12218,27,CLT,3,4:50,4:55,2699
12218,29,SRR,3,6:25,6:40,2785
12218,30,TCR,3,7:37,7:40,2819
12218,31,ERS,3,9:42,9:47,2893
12218,34,ALLP,3,11:01,11:04,2950
12218,35,KYJ,3,12:00,12:02,2994
12218,36,QLN,3,12:42,12:45,3034
12218,37,KCVL,3,14:30,14:30,3093
12223,13,CLT,2,15:47,15:50,1111
12223,14,SRR,2,17:10,17:22,1197
12223,15,ERS,2,19:40,19:40,1305
12224,1,ERS,1,21:30,21:30,0
12224,2,CLT,2,0:55,0:58,194
12257,6,ED,2,2:35,2:38,282
12257,8,PGT,2,5:21,5:31,436
12257,9,TCR,2,6:50,6:53,513
12257,11,ERN,2,8:35,8:40,585
12257,12,KTYM,2,10:05,10:11,643
12257,17,KYJ,2,11:20,11:22,698
12257,18,QLN,2,11:57,12:00,739
12257,19,KCVL,2,13:20,13:20,797
12258,1,KCVL,1,17:00,17:00,0
12258,2,QLN,1,17:55,17:58,58
12258,3,KYJ,1,18:40,18:42,99
12258,8,KTYM,1,19:50,19:53,154
12258,9,ERN,1,21:25,21:45,214
12258,11,TCR,1,23:00,23:03,285
12258,12,PGT,2,0:25,0:35,362
12258,14,ED,2,3:27,3:32,517
12283,1,ERS,1,23:25,23:25,0
12283,2,CLT,2,2:50,2:55,194
12284,23,CLT,3,12:55,13:05,2448
12284,24,SRR,3,15:25,15:55,2535
12284,25,ERS,3,18:15,18:15,2643
12431,1,TVC,1,14:40,14:40,0
12431,2,QLN,1,15:36,15:38,64
12431,3,ALLP,1,17:14,17:32,149
12431,5,ERS,1,18:28,18:40,206
12431,7,TCR,1,20:20,20:23,280
12431,8,SRR,1,21:09,21:17,314
12431,9,CLT,1,22:32,22:35,400
12432,23,CLT,2,18:00,18:05,2448
12432,24,SRR,2,19:20,19:58,2535
12432,25,TCR,2,20:35,20:38,2569
12432,26,ERS,2,22:05,22:10,2643
12432,28,ALLP,2,23:11,23:13,2700
12432,29,QLN,3,0:46,0:48,2784
12432,30,TVC,3,1:50,1:50,2848
12483,1,KCVL,1,4:50,4:50,0
12483,2,QLN,1,5:50,5:53,58
12483,3,KYJ,1,6:35,6:37,99
12483,4,ALLP,1,7:35,7:47,142
12483,6,ERS,1,9:45,9:50,199
12483,7,TCR,1,11:07,11:10,273
12483,8,SRR,1,12:00,12:20,308
12483,9,CLT,1,13:40,13:45,394
12484,30,CLT,3,4:50,4:55,2903
12484,31,SRR,3,6:25,6:40,2989
12484,32,TCR,3,7:32,7:35,3023
12484,33,ERS,3,9:36,9:48,3097
12484,36,ALLP,3,11:26,11:35,3154
12484,37,KYJ,3,12:30,12:32,3198
12484,38,QLN,3,13:16,13:19,3239
12484,39,KCVL,3,14:30,14:30,3297
12507,1,TVC,1,16:55,16:55,0
12507,2,QLN,1,17:55,17:58,64
12507,3,KYJ,1,18:40,18:42,105
12507,7,KTYM,1,19:50,19:53,160
12507,8,ERN,1,21:25,21:45,220
12507,10,TCR,1,23:00,23:05,291
12507,11,PGT,2,0:25,0:35,369
12507,14,ED,2,3:30,3:35,524
12508,48,ED,4,9:50,10:00,3401
12508,51,PGT,4,13:05,13:15,3556
12508,52,TCR,4,14:34,14:37,3632
12508,54,ERN,4,16:00,16:05,3704
12508,55,KTYM,4,17:10,17:13,3763
12508,59,KYJ,4,18:42,18:44,3818
12508,60,QLN,4,19:32,19:35,3859
12508,61,TVC,4,20:45,20:45,3922
12511,44,ED,3,5:08,5:18,2745
12511,47,PGT,3,8:10,8:20,2900
12511,50,TCR,3,9:45,9:48,2976
12511,55,ERN,3,11:15,11:17,3048
12511,56,ERS,3,11:27,11:32,3050
12511,59,ALLP,3,12:42,12:45,3107
12511,62,KYJ,3,13:51,13:53,3151
12511,63,QLN,3,14:37,14:40,3192
12511,64,KCVL,3,15:40,15:40,3250
12512,1,KCVL,1,6:35,6:35,0
12512,2,QLN,1,7:40,7:43,58
12512,3,KYJ,1,8:31,8:33,99
12512,6,ALLP,1,9:20,9:23,142
12512,9,ERS,1,10:45,10:50,199
12512,14,TCR,1,12:22,12:25,273
12512,17,PGT,1,14:10,14:20,351
12512,20,ED,1,17:10,17:20,505
12521,51,ED,4,5:08,5:18,3141
12521,54,PGT,4,8:10,8:20,3296
12521,57,TCR,4,9:44,9:47,3372
12521,62,ERN,4,11:15,11:17,3444
12521,63,ERS,4,11:30,11:30,3446
12522,1,ERS,1,10:50,10:50,0
12522,6,TCR,1,12:33,12:38,74
12522,9,PGT,1,14:10,14:20,151
12522,12,ED,1,17:11,17:21,306
12617,1,ERS,1,10:30,10:30,0
12617,3,TCR,1,12:05,12:08,74
12617,5,SRR,1,13:02,13:10,109
12617,11,CLT,1,14:45,14:50,194
12618,52,CLT,3,3:50,3:55,2576
12618,55,SRR,3,5:25,5:35,2663
12618,56,TCR,3,6:16,6:19,2697
12618,58,ERS,3,8:00,8:00,2771
12623,4,ED,2,0:50,0:55,404
12623,6,PGT,2,3:52,4:02,559
12623,7,TCR,2,5:19,5:22,636
12623,10,ERN,2,6:45,6:50,707
12623,12,KTYM,2,7:56,7:59,766
12623,17,KYJ,2,9:14,9:16,821
12623,18,QLN,2,9:59,10:02,862
12623,21,TVC,2,11:20,11:20,926
12624,1,TVC,1,15:00,15:00,0
12624,3,QLN,1,16:07,16:10,64
12624,4,KYJ,1,16:50,16:52,105
12624,9,KTYM,1,18:00,18:03,160
12624,11,ERN,1,19:25,19:30,220
12624,14,TCR,1,20:51,20:54,291
12624,15,PGT,1,22:31,22:41,369
12624,17,ED,2,1:35,1:38,524
12625,1,TVC,1,12:15,12:15,0
12625,3,QLN,1,13:17,13:20,64
12625,4,KYJ,1,13:53,13:55,105
12625,9,KTYM,1,15:02,15:07,160
12625,11,ERN,1,16:07,16:12,220
12625,13,TCR,1,17:27,17:30,291
12625,15,PGT,1,19:35,19:45,369
12625,18,ED,1,22:40,22:50,524
12626,26,ED,3,11:00,11:10,2509
12626,29,PGT,3,14:00,14:10,2663
12626,31,TCR,3,15:40,15:43,2740
12626,33,ERN,3,17:08,17:13,2811
12626,35,KTYM,3,18:22,18:25,2870
12626,40,KYJ,3,19:40,19:42,2925
12626,41,QLN,3,20:25,20:28,2966
12626,44,TVC,3,21:50,21:50,3030
12633,10,MDU,2,1:00,1:05,496
12633,12,TEN,2,3:40,3:45,653
12633,14,NCJ,2,5:05,5:12,726
12633,15,CAPE,2,5:35,5:35,742
12634,1,CAPE,1,17:50,17:50,0
12634,2,NCJ,1,18:10,18:15,16
12634,4,TEN,1,19:40,19:45,89
12634,8,MDU,1,22:15,22:20,245
12641,1,CAPE,1,19:10,19:10,0
12641,2,NCJ,1,19:30,19:35,16
12641,3,TEN,1,22:05,22:10,89
12641,7,MDU,2,0:45,0:55,245
12642,23,MDU,3,0:00,0:05,2674
12642,26,TEN,3,2:45,2:50,2830
12642,27,NCJ,3,4:02,4:07,2904
12642,28,CAPE,3,4:40,4:40,2919
12643,1,TVC,1,14:15,14:15,0
12643,2,QLN,1,15:15,15:18,64
12643,3,KYJ,1,15:58,16:00,105
12643,4,ALLP,1,16:39,16:42,149
12643,7,ERS,1,17:58,18:15,206
12643,10,TCR,1,20:28,20:31,280
12643,11,PGT,1,21:50,22:00,357
12643,14,ED,2,1:05,1:10,512
12644,25,ED,2,20:42,20:47,2501
12644,28,PGT,3,0:00,0:10,2656
12644,29,TCR,3,1:29,1:32,2733
12644,31,ERS,3,3:15,3:20,2807
12644,32,ALLP,3,4:17,4:20,2864
12644,33,KYJ,3,5:08,5:10,2907
12644,34,QLN,3,5:50,5:53,2948
12644,35,TVC,3,7:00,7:00,3012
12645,1,ERS,1,19:10,19:10,0
12645,3,TCR,1,20:31,20:34,74
12645,4,PGT,1,21:50,22:00,151
12645,7,ED,2,1:05,1:10,306
12646,25,ED,2,20:42,20:47,2501
12646,28,PGT,3,0:00,0:10,2656
12646,30,TCR,3,1:29,1:32,2733
12646,32,ERS,3,3:10,3:10,2807
12659,1,NCJ,1,14:45,14:45,0
12659,2,TVC,1,16:11,16:16,71
12659,4,QLN,1,17:19,17:22,135
12659,5,KYJ,1,18:03,18:05,176
12659,8,KTYM,1,19:08,19:13,231
12659,9,ERN,1,20:40,21:05,291
12659,11,TCR,1,22:17,22:20,362
12659,12,PGT,2,0:00,0:10,440
12659,14,ED,2,3:15,3:32,595
12660,32,ED,3,8:33,8:43,1984
12660,34,PGT,3,11:55,12:05,2139
12660,35,TCR,3,13:38,13:41,2215
12660,37,ERN,3,15:10,15:15,2287
12660,39,KTYM,3,16:32,16:35,2346
12660,42,KYJ,3,17:40,17:42,2401
12660,43,QLN,3,18:22,18:25,2441
12660,45,TVC,3,19:45,19:50,2505
12660,47,NCJ,3,21:40,21:40,2576
12665,26,MDU,3,5:05,5:10,2159
12665,30,TEN,3,7:55,8:00,2316
12665,31,NCJ,3,9:25,9:30,2389
12665,32,CAPE,3,9:55,9:55,2404
12666,1,CAPE,1,5:50,5:50,0
12666,2,NCJ,1,6:10,6:15,16
12666,3,TEN,1,7:55,8:00,89
12666,7,MDU,1,10:48,11:00,245
12667,7,MDU,2,2:45,2:50,496
12667,10,TEN,2,5:30,5:35,653
12667,11,NCJ,2,7:10,7:10,726
12668,1,NCJ,1,16:30,16:30,0
12668,2,TEN,1,18:00,18:05,73
12668,5,MDU,1,21:00,21:05,230
12677,8,ED,1,11:30,11:35,278
12677,11,PGT,1,14:18,14:23,432
12677,12,TCR,1,15:30,15:32,509
12677,14,ERS,1,16:55,16:55,583
12678,1,ERS,1,9:10,9:10,0
12678,3,TCR,1,10:24,10:26,74
12678,4,PGT,1,11:48,11:53,151
12678,7,ED,1,14:36,14:41,306
12683,1,ERS,1,16:50,16:50,0
12683,3,TCR,1,18:11,18:13,74
12683,5,PGT,1,19:50,20:00,151
12683,8,ED,1,23:00,23:05,293
12684,6,ED,1,23:50,23:55,316
12684,9,PGT,2,3:02,3:12,458
12684,11,TCR,2,4:29,4:32,534
12684,13,ERS,2,6:00,6:00,608
12689,13,MDU,2,5:45,5:50,665
12689,17,TEN,2,8:35,8:40,821
12689,19,NCJ,2,10:40,10:40,894
12690,1,NCJ,1,19:35,19:35,0
12690,2,TEN,1,22:05,22:10,73
12690,6,MDU,2,0:45,0:55,230
12695,7,ED,1,21:23,21:28,404
12695,11,PGT,2,0:42,0:52,559
12695,12,TCR,2,2:04,2:07,635
12695,13,ERN,2,3:26,3:31,707
12695,14,KTYM,2,4:34,4:37,766
12695,19,KYJ,2,5:52,5:54,821
12695,20,QLN,2,6:31,6:34,861
12695,22,TVC,2,7:45,7:45,925
12696,1,TVC,1,17:15,17:15,0
12696,3,QLN,1,18:20,18:23,64
12696,4,KYJ,1,19:06,19:08,105
12696,9,KTYM,1,20:23,20:29,160
12696,10,ERN,1,21:55,22:00,220
12696,11,TCR,1,23:13,23:16,291
12696,12,PGT,2,0:50,1:00,369
12696,15,ED,2,4:00,4:05,524
12697,5,ED,1,21:08,21:11,404
12697,7,PGT,1,23:40,23:50,546
12697,8,TCR,2,1:00,1:03,622
12697,9,ERS,2,2:30,2:35,696
12697,10,ALLP,2,3:32,3:35,753
12697,11,QLN,2,5:20,5:23,838
12697,13,TVC,2,6:40,6:40,901
12698,1,TVC,1,19:15,19:15,0
12698,3,QLN,1,20:18,20:20,64
12698,4,ALLP,1,21:40,21:42,149
12698,5,ERS,1,22:43,22:48,206
12698,6,TCR,1,23:56,23:58,280
12698,7,PGT,2,1:30,1:40,357
12698,9,ED,2,4:15,4:20,499
12777,15,ED,1,21:08,21:11,791
12777,18,PGT,1,23:40,23:50,933
12777,19,TCR,2,1:00,1:03,1009
12777,20,ERN,2,2:15,2:20,1081
12777,21,KTYM,2,3:24,3:27,1140
12777,24,QLN,2,5:20,5:23,1236
12777,25,KCVL,2,6:35,6:35,1294
12778,1,KCVL,1,12:50,12:50,0
12778,2,QLN,1,13:47,13:50,58
12778,5,KTYM,1,15:40,15:45,154
12778,6,ERN,1,16:55,17:00,214
12778,7,TCR,1,18:11,18:14,285
12778,8,PGT,1,19:50,20:00,362
12778,11,ED,1,23:00,23:05,504
12977,1,ERS,1,18:50,18:50,0
12977,3,TCR,1,20:19,20:22,74
12977,4,SRR,1,21:09,21:19,109
12977,6,CLT,1,22:32,22:35,194
12978,35,CLT,3,1:35,1:40,2364
12978,37,SRR,3,3:05,3:15,2450
12978,38,TCR,3,3:53,3:56,2485
12978,40,ERS,3,5:45,5:45,2559
13351,71,ED,3,6:55,7:05,2177
13351,74,PGT,3,10:10,10:20,2332
13351,77,TCR,3,12:08,12:11,2409
13351,79,ERS,3,13:40,14:07,2483
13351,84,ALLP,3,15:15,15:15,2540
13352,1,ALLP,1,6:00,6:00,0
13352,5,ERS,1,7:20,7:30,57
13352,7,TCR,1,8:48,8:51,131
13352,10,PGT,1,11:00,11:10,208
13352,13,ED,1,14:10,14:20,363
16101,9,MDU,2,0:20,0:25,496
16101,20,PUU,2,6:10,6:15,719
16101,24,QLN,2,7:20,7:20,763
16102,1,QLN,1,12:00,12:00,0
16102,5,PUU,1,13:00,13:10,44
16102,16,MDU,1,18:55,19:00,267
16127,17,MDU,1,18:00,18:05,496
16127,22,TEN,1,20:50,20:55,653
16127,31,TVC,2,0:55,1:00,797
16127,36,QLN,2,2:10,2:13,862
16127,37,KYJ,2,2:50,2:52,902
16127,38,ALLP,2,3:37,3:40,946
16127,42,ERS,2,5:20,5:25,1003
16127,43,ERN,2,5:32,5:34,1005
16127,48,TCR,2,6:59,7:02,1077
16127,50,GUV,2,7:40,7:40,1099
16128,1,GUV,1,23:15,23:15,0
16128,3,TCR,1,23:41,23:44,23
16128,8,ERN,2,1:08,1:10,94
16128,9,ERS,2,1:25,1:30,97
16128,11,ALLP,2,2:25,2:28,154
16128,12,KYJ,2,3:23,3:25,197
16128,13,QLN,2,4:10,4:13,238
16128,16,TVC,2,5:28,5:33,302
16128,24,TEN,2,9:50,9:55,446
16128,29,MDU,2,12:28,12:33,602
16187,14,ED,1,23:10,23:16,287
16187,18,PGT,2,3:16,3:26,442
16187,20,TCR,2,4:44,4:47,518
16187,26,ERN,2,6:18,6:20,590
16187,27,ERS,2,6:45,6:45,592
16188,1,ERS,1,22:25,22:25,0
16188,2,ERN,1,22:39,22:41,3
16188,8,TCR,2,0:22,0:25,74
16188,9,PGT,2,1:56,2:06,151
16188,12,ED,2,5:10,5:32,306
16301,1,SRR,1,14:35,14:35,0
16301,3,TCR,1,15:17,15:22,34
16301,8,ERN,1,17:17,17:22,106
16301,12,KTYM,1,18:38,18:44,164
16301,18,KYJ,1,19:58,20:00,219
16301,21,QLN,1,20:43,20:46,260
16301,28,TVC,1,22:00,22:00,324
16302,1,TVC,1,5:25,5:25,0
16302,8,QLN,1,6:42,6:44,64
16302,11,KYJ,1,7:33,7:35,105
16302,17,KTYM,1,8:43,8:46,160
16302,21,ERN,1,9:54,9:59,220
16302,26,TCR,1,11:21,11:26,291
16302,28,SRR,1,12:25,12:25,326
16303,1,ERS,1,5:05,5:05,0
16303,5,KTYM,1,6:23,6:26,59
16303,10,KYJ,1,7:44,7:46,114
16303,13,QLN,1,8:33,8:36,155
16303,19,TVC,1,10:00,10:00,218
16304,1,TVC,1,17:45,17:45,0
16304,7,QLN,1,19:07,19:10,64
16304,10,KYJ,1,20:16,20:18,105
16304,15,KTYM,1,21:26,21:29,160
16304,19,ERS,1,22:55,22:55,220
16305,1,ERS,1,6:00,6:00,0
16305,6,TCR,1,7:22,7:24,74
16305,7,SRR,1,8:20,8:25,109
16305,14,CLT,1,10:09,10:14,194
16306,5,CLT,1,16:10,16:13,89
16306,11,SRR,1,18:13,18:23,176
16306,12,TCR,1,19:00,19:02,210
16306,17,ERN,1,20:30,20:32,281
16306,18,ERS,1,20:50,20:50,284
16307,1,ALLP,1,15:50,15:50,0
16307,4,ERS,1,17:15,17:25,57
16307,5,ERN,1,17:33,17:35,60
16307,11,TCR,1,19:03,19:06,131
16307,13,SRR,1,20:22,20:30,166
16307,21,CLT,1,22:45,22:50,251
16308,7,CLT,1,7:00,7:05,89
16308,16,SRR,1,9:00,9:15,176
16308,18,TCR,1,10:00,10:03,210
16308,24,ERN,1,11:33,11:35,281
16308,25,ERS,1,11:55,12:00,284
16308,28,ALLP,1,13:25,13:25,341
16309,1,ERS,1,8:45,8:45,0
16309,4,KTYM,1,10:03,10:16,59
16309,9,KYJ,1,11:35,11:35,114
16310,1,KYJ,1,15:20,15:20,0
16310,6,KTYM,1,16:34,16:37,55
16310,9,ERS,1,17:50,17:50,115
16311,51,CLT,3,12:58,13:03,2616
16311,54,SRR,3,15:25,15:55,2703
16311,55,TCR,3,16:36,16:39,2737
16311,57,ERN,3,18:10,18:15,2808
16311,58,KTYM,3,19:24,19:27,2867
16311,61,KYJ,3,20:38,20:40,2922
16311,62,QLN,3,21:22,21:25,2963
16311,63,KCVL,3,22:45,22:45,3021
16312,1,KCVL,1,15:45,15:45,0
16312,2,QLN,1,16:47,16:50,58
16312,3,KYJ,1,17:29,17:31,99
16312,6,KTYM,1,18:35,18:38,154
16312,7,ERN,1,20:15,20:25,214
16312,9,TCR,1,21:58,22:01,285
16312,10,SRR,1,22:50,23:00,320
16312,12,CLT,2,0:32,0:35,405
16315,14,ED,1,22:45,22:50,463
16315,17,PGT,2,2:01,2:11,618
16315,18,TCR,2,3:14,3:17,695
16315,20,ERS,2,4:45,4:50,769
16315,22,ALLP,2,5:47,5:52,826
16315,25,KYJ,2,6:53,6:55,869
16315,26,QLN,2,7:47,7:50,910
16315,28,KCVL,2,9:15,9:15,968
16316,1,KCVL,1,16:45,16:45,0
16316,2,QLN,1,17:40,17:43,58
16316,3,KYJ,1,18:23,18:25,99
16316,6,ALLP,1,19:30,19:39,142
16316,8,ERS,1,20:45,20:50,199
16316,10,TCR,1,22:07,22:10,273
16316,11,PGT,1,23:40,23:50,351
16316,14,ED,2,2:50,2:55,505
16317,1,CAPE,1,14:15,14:15,0
16317,2,NCJ,1,14:35,14:45,16
16317,4,TVC,1,16:10,16:15,87
16317,5,QLN,1,17:19,17:22,151
16317,6,KYJ,1,18:03,18:05,192
16317,10,KTYM,1,19:11,19:14,247
16317,11,ERN,1,20:40,20:55,307
16317,13,TCR,1,22:15,22:18,378
16317,15,PGT,2,0:03,0:10,455
16317,17,ED,2,3:15,3:20,610
16318,64,ED,4,9:30,9:40,3179
16318,67,PGT,4,12:40,12:50,3334
16318,69,TCR,4,14:13,14:16,3411
16318,71,ERN,4,15:40,15:45,3482
16318,72,KTYM,4,16:50,16:53,3541
16318,75,KYJ,4,18:08,18:10,3596
16318,76,QLN,4,18:50,18:53,3637
16318,78,TVC,4,20:40,20:45,3701
16318,80,NCJ,4,22:22,22:39,3772
16318,81,CAPE,4,23:05,23:05,3787
16319,1,KCVL,1,18:05,18:05,0
16319,2,QLN,1,19:18,19:20,58
16319,4,KTYM,1,20:57,21:00,154
16319,5,ERN,1,22:25,22:30,214
16319,6,TCR,1,23:43,23:46,285
16319,7,PGT,2,1:15,1:25,362
16319,9,ED,2,4:30,4:33,517
16320,6,ED,1,23:50,23:55,316
16320,8,PGT,2,2:29,2:39,471
16320,9,TCR,2,3:46,3:49,547
16320,10,ERN,2,5:06,5:23,619
16320,11,KTYM,2,6:41,6:44,678
16320,13,QLN,2,8:43,8:46,774
16320,14,KCVL,2,9:55,9:55,832
16321,1,NCJ,1,7:50,7:50,0
16321,5,TEN,1,9:20,9:25,73
16321,13,MDU,1,12:05,12:15,230
16321,24,ED,1,17:05,17:15,435
16322,9,ED,1,10:00,10:05,101
16322,21,MDU,1,15:10,15:15,306
16322,30,TEN,1,17:55,18:05,462
16322,33,NCJ,1,20:10,20:10,536
16325,4,SRR,1,16:40,17:05,67
16325,9,TCR,1,17:53,17:55,101
16325,17,ERN,1,20:15,20:20,172
16325,24,KTYM,1,21:50,21:50,231
16326,1,KTYM,1,5:15,5:15,0
16326,8,ERN,1,6:50,6:55,60
16326,17,TCR,1,8:30,8:32,131
16326,22,SRR,1,10:00,10:29,166
16327,1,MDU,1,11:20,11:20,0
16327,23,PUU,1,18:05,18:10,223
16327,32,QLN,1,19:35,19:55,267
16327,35,KYJ,1,20:47,20:49,308
16327,40,KTYM,1,22:00,22:17,363
16327,47,ERN,1,23:47,23:59,422
16327,52,TCR,2,1:40,1:42,494
16327,53,GUV,2,2:10,2:10,516
16328,1,GUV,1,5:50,5:50,0
16328,3,TCR,1,6:25,6:28,23
16328,13,ERN,1,8:15,8:20,94
16328,20,KTYM,1,9:44,9:47,153
16328,25,KYJ,1,10:58,11:00,208
16328,28,QLN,1,11:50,12:20,249
16328,37,PUU,1,13:30,13:35,293
16328,59,MDU,1,19:15,19:15,516
16331,27,ED,2,21:08,21:11,1426
16331,31,PGT,3,0:15,0:25,1581
16331,33,TCR,3,1:45,1:48,1658
16331,35,ERS,3,3:15,3:20,1732
16331,37,ALLP,3,4:13,4:16,1789
16331,40,KYJ,3,5:08,5:10,1832
16331,41,QLN,3,5:50,5:53,1873
16331,43,TVC,3,7:00,7:00,1937
16332,1,TVC,1,4:25,4:25,0
16332,3,QLN,1,5:32,5:35,64
16332,4,KYJ,1,6:20,6:22,105
16332,7,ALLP,1,7:07,7:10,149
16332,11,ERS,1,8:25,8:30,206
16332,13,TCR,1,9:49,9:52,280
16332,15,PGT,1,11:25,11:35,357
16332,20,ED,1,15:12,15:22,512
16333,57,CLT,2,21:40,21:45,1996
16333,63,SRR,3,0:10,0:30,2082
16333,64,TCR,3,1:15,1:18,2116
16333,66,ERN,3,2:45,2:50,2188
16333,67,KTYM,3,3:57,4:00,2247
16333,71,QLN,3,5:59,6:02,2343
16333,73,TVC,3,7:15,7:15,2407
16334,1,TVC,1,15:45,15:45,0
16334,2,QLN,1,16:47,16:50,64
16334,6,KTYM,1,18:34,18:39,160
16334,7,ERN,1,20:15,20:25,220
16334,9,TCR,1,21:58,22:01,291
16334,10,SRR,1,22:50,23:00,326
16334,14,CLT,2,0:32,0:35,412
16335,51,CLT,2,21:43,21:48,1866
16335,57,SRR,3,0:10,0:35,1952
16335,58,TCR,3,1:15,1:18,1986
16335,60,ERN,3,2:45,2:50,2058
16335,61,KTYM,3,3:57,4:00,2117
16335,64,KYJ,3,5:16,5:18,2172
16335,65,QLN,3,6:00,6:03,2212
16335,67,TVC,3,7:15,7:20,2276
16335,71,NCJ,3,10:00,10:00,2347
16336,1,NCJ,1,14:45,14:45,0
16336,2,TVC,1,16:10,16:15,71
16336,3,QLN,1,17:20,17:23,135
16336,4,KYJ,1,18:04,18:06,176
16336,7,KTYM,1,19:09,19:12,231
16336,8,ERN,1,20:30,20:35,291
16336,10,TCR,1,21:48,21:51,362
16336,11,SRR,1,22:50,23:00,397
16336,16,CLT,2,0:32,0:35,483
16337,53,CLT,2,21:41,21:46,2060
16337,59,SRR,3,0:10,0:35,2147
16337,60,TCR,3,1:15,1:18,2181
16337,62,ERS,3,2:50,2:50,2255
16338,1,ERS,1,20:25,20:25,0
16338,3,TCR,1,21:48,21:51,74
16338,4,SRR,1,22:50,23:00,109
16338,9,CLT,2,0:27,0:30,194
16339,41,MDU,3,5:05,5:10,1661
16339,45,TEN,3,8:15,8:20,1818
16339,49,NCJ,3,9:55,9:55,1891
16340,1,NCJ,1,6:15,6:15,0
16340,4,TEN,1,7:55,8:00,73
16340,8,MDU,1,10:48,11:00,230
16341,1,GUV,1,3:25,3:25,0
16341,2,TCR,1,3:55,3:57,23
16341,7,ERS,1,5:30,5:35,97
16341,11,ALLP,1,6:36,6:39,154
16341,14,KYJ,1,7:30,7:32,197
16341,17,QLN,1,8:20,8:23,238
16341,22,TVC,1,9:45,9:45,302
16342,1,TVC,1,17:30,17:30,0
16342,5,QLN,1,18:43,18:46,64
16342,8,KYJ,1,19:35,19:37,105
16342,11,ALLP,1,20:32,20:35,149
16342,15,ERS,1,22:01,22:06,206
16342,20,TCR,1,23:35,23:38,280
16342,22,GUV,2,0:25,0:25,302
16343,1,TVC,1,20:30,20:30,0
16343,4,QLN,1,21:44,21:47,64
16343,6,KYJ,1,22:34,22:36,105
16343,11,KTYM,1,23:45,23:48,160
16343,12,ERN,2,1:00,1:14,220
16343,15,TCR,2,2:26,2:29,291
16343,17,PGT,2,4:10,4:35,369
16343,26,MDU,2,10:00,10:00,614
16344,1,MDU,1,16:10,16:10,0
16344,10,PGT,1,21:20,21:45,245
16344,12,TCR,1,23:15,23:18,322
16344,15,ERN,2,0:40,0:45,393
16344,16,KTYM,2,1:50,1:53,452
16344,20,KYJ,2,3:02,3:04,507
16344,22,QLN,2,3:42,3:45,548
16344,25,TVC,2,4:55,4:55,612
16345,37,CLT,2,10:35,10:40,1110
16345,41,SRR,2,12:11,12:28,1197
16345,42,TCR,2,13:05,13:08,1231
16345,44,ERS,2,14:35,14:40,1305
16345,47,ALLP,2,15:47,15:50,1362
16345,50,KYJ,2,16:44,16:52,1405
16345,52,QLN,2,17:50,17:53,1446
16345,54,TVC,2,19:35,19:35,1510
16346,1,TVC,1,9:15,9:15,0
16346,3,QLN,1,10:27,10:30,64
16346,5,KYJ,1,11:18,11:20,105
16346,8,ALLP,1,12:07,12:10,149
16346,11,ERS,1,13:35,13:40,206
16346,13,TCR,1,14:58,15:01,280
16346,14,SRR,1,15:55,16:05,314
16346,18,CLT,1,17:32,17:35,400
16347,1,TVC,1,20:50,20:50,0
16347,7,QLN,1,22:13,22:16,64
16347,10,KYJ,1,23:06,23:08,105
16347,15,KTYM,2,0:16,0:19,160
16347,16,ERN,2,1:40,1:45,220
16347,20,TCR,2,3:02,3:05,291
16347,21,SRR,2,4:12,4:20,326
16347,29,CLT,2,6:25,6:30,412
16348,18,CLT,1,18:45,18:50,221
16348,26,SRR,1,20:47,21:12,307
16348,28,TCR,1,21:55,21:58,341
16348,33,ERN,1,23:55,0:00,413
16348,35,KTYM,2,1:08,1:11,471
16348,38,KYJ,2,2:18,2:20,526
16348,39,QLN,2,2:57,3:00,567
16348,44,TVC,2,4:15,4:15,631
16349,1,KCVL,1,21:00,21:00,0
16349,3,QLN,1,22:07,22:10,58
16349,5,KYJ,1,22:56,22:58,99
16349,10,KTYM,2,0:07,0:10,154
16349,11,ERN,2,1:35,1:40,214
16349,13,TCR,2,2:49,2:52,285
16349,14,SRR,2,3:50,4:10,320
16350,9,SRR,1,23:02,23:22,67
16350,10,TCR,2,0:01,0:04,101
16350,12,ERN,2,1:25,1:30,172
16350,13,KTYM,2,2:35,2:38,231
16350,16,KYJ,2,3:44,3:46,286
16350,17,QLN,2,4:25,4:28,327
16350,19,KCVL,2,5:30,5:30,385
16351,36,MDU,3,2:45,2:50,1719
16351,40,TEN,3,5:30,5:35,1875
16351,43,NCJ,3,7:10,7:10,1948
16352,1,NCJ,1,6:15,6:15,0
16352,4,TEN,1,7:55,8:00,73
16352,8,MDU,1,10:48,11:00,230
16353,25,MDU,2,15:25,15:30,1266
16353,29,TEN,2,18:25,18:35,1423
16353,31,NCJ,2,20:30,20:30,1496
16354,1,NCJ,1,9:15,9:15,0
16354,3,TEN,1,10:35,10:40,73
16354,7,MDU,1,13:05,13:15,230
16355,1,KCVL,1,21:25,21:25,0
16355,2,QLN,1,22:30,22:33,58
16355,3,KYJ,1,23:16,23:18,99
16355,4,ALLP,2,0:02,0:04,142
16355,5,ERS,2,0:57,1:00,199
16355,6,TCR,2,2:09,2:12,273
16355,7,SRR,2,3:10,3:20,308
16355,9,CLT,2,4:37,4:40,394
16356,4,CLT,1,23:45,23:55,222
16356,7,SRR,2,1:35,2:05,309
16356,8,TCR,2,2:45,2:48,343
16356,9,ERS,2,4:17,4:22,417
16356,10,ALLP,2,5:14,5:17,474
16356,11,KYJ,2,6:04,6:06,517
16356,12,QLN,2,6:41,6:44,558
16356,13,KCVL,2,8:00,8:00,616
16361,1,ERS,1,13:00,13:00,0
16361,2,KTYM,1,14:04,14:07,59
16361,7,KYJ,1,15:27,15:29,114
16361,10,QLN,1,16:30,16:45,155
16361,14,PUU,1,17:50,18:07,199
16362,21,PUU,2,6:55,7:00,489
16362,25,QLN,2,8:20,8:40,533
16362,28,KYJ,2,9:26,9:28,574
16362,33,KTYM,2,10:34,10:36,629
16362,34,ERS,2,11:40,11:40,689
16366,1,NCJ,1,13:00,13:00,0
16366,6,TVC,1,14:52,15:07,71
16366,8,KCVL,1,15:26,15:27,77
16366,20,QLN,1,17:10,17:28,135
16366,25,KYJ,1,18:14,18:16,176
16366,30,KTYM,1,19:35,19:35,231
16367,1,CAPE,1,20:30,20:30,0
16367,2,NCJ,1,20:50,20:55,16
16367,3,TEN,1,22:45,22:50,89
16367,5,MDU,2,1:05,1:10,245
16368,36,MDU,3,15:35,15:40,2529
16368,38,TEN,3,18:45,18:50,2686
16368,39,NCJ,3,20:30,20:35,2759
16368,40,CAPE,3,21:00,21:00,2775
16381,27,ED,2,22:15,22:20,1335
16381,30,PGT,3,1:30,1:40,1490
16381,32,TCR,3,2:59,3:02,1566
16381,35,ERN,3,4:17,4:22,1638
16381,37,KTYM,3,5:29,5:32,1697
16381,42,KYJ,3,6:41,6:43,1752
16381,44,QLN,3,7:32,7:35,1793
16381,50,TVC,3,9:05,9:10,1857
16381,56,NCJ,3,11:05,11:22,1928
16381,57,CAPE,3,11:50,11:50,1943
16382,1,CAPE,1,8:40,8:40,0
16382,2,NCJ,1,9:00,9:10,16
16382,7,TVC,1,10:45,10:50,87
16382,12,QLN,1,12:00,12:03,151
16382,14,KYJ,1,12:49,12:51,192
16382,19,KTYM,1,13:57,14:00,247
16382,20,ERN,1,15:13,15:18,307
16382,25,TCR,1,16:53,16:56,378
16382,28,PGT,1,18:45,18:55,455
16382,31,ED,1,21:50,22:00,610
16525,1,CAPE,1,10:10,10:10,0
16525,2,NCJ,1,10:30,10:35,16
16525,8,TVC,1,12:30,12:40,87
16525,14,QLN,1,14:07,14:10,151
16525,17,KYJ,1,15:00,15:02,192
16525,22,KTYM,1,16:25,16:30,247
16525,25,ERN,1,18:00,18:05,307
16525,31,TCR,1,19:47,19:50,378
16525,34,PGT,1,21:38,21:48,455
16525,37,ED,2,0:50,0:55,610
16526,10,ED,2,1:40,1:45,325
16526,12,PGT,2,4:31,4:41,480
16526,15,TCR,2,6:05,6:08,556
16526,21,ERN,2,7:43,7:48,628
16526,24,KTYM,2,8:58,9:01,687
16526,29,KYJ,2,10:14,10:16,742
16526,32,QLN,2,11:07,11:10,783
16526,39,TVC,2,12:35,12:40,846
16526,44,NCJ,2,14:31,14:36,917
16526,45,CAPE,2,14:50,14:50,933
16603,13,CLT,1,21:20,21:25,221
16603,18,SRR,1,23:25,23:55,307
16603,19,TCR,2,0:31,0:34,341
16603,21,ERS,2,2:05,2:10,415
16603,23,ALLP,2,3:08,3:11,472
16603,26,KYJ,2,4:15,4:17,515
16603,28,QLN,2,5:00,5:03,556
16603,31,TVC,2,6:20,6:20,620
16604,1,TVC,1,19:25,19:25,0
16604,4,QLN,1,20:35,20:38,64
16604,6,KYJ,1,21:28,21:30,105
16604,9,ALLP,1,22:19,22:22,149
16604,13,ERS,1,23:27,23:32,206
16604,15,TCR,2,0:54,0:57,280
16604,16,SRR,2,2:05,2:15,314
16604,19,CLT,2,3:45,3:50,400
16605,17,CLT,1,11:28,11:33,221
16605,25,SRR,1,13:50,14:12,307
16605,26,TCR,1,14:50,14:53,341
16605,29,ERS,1,16:35,16:40,415
16605,33,ALLP,1,17:58,18:01,472
16605,36,KYJ,1,18:53,18:55,515
16605,38,QLN,1,19:42,19:45,556
16605,40,TVC,1,21:10,21:10,620
16606,1,TVC,1,3:35,3:35,0
16606,3,QLN,1,4:51,4:54,64
16606,5,KYJ,1,5:40,5:42,105
16606,8,ALLP,1,6:41,6:46,149
16606,11,ERS,1,7:45,7:50,206
16606,14,TCR,1,9:10,9:13,280
16606,15,SRR,1,10:45,11:00,314
16606,23,CLT,1,12:45,12:50,400
16609,1,TCR,1,6:45,6:45,0
16609,5,SRR,1,7:35,7:40,35
16609,18,CLT,1,9:57,10:00,120
16629,1,TVC,1,18:40,18:40,0
16629,8,QLN,1,20:05,20:08,64
16629,11,KYJ,1,21:15,21:17,105
16629,16,KTYM,1,22:48,22:53,160
16629,19,ERN,2,0:25,0:35,220
16629,23,TCR,2,1:55,1:58,291
16629,24,SRR,2,2:40,2:50,326
16629,31,CLT,2,4:47,4:50,412
16630,23,CLT,1,22:50,22:55,221
16630,30,SRR,2,1:15,1:40,307
16630,31,TCR,2,2:20,2:23,341
16630,35,ERN,2,3:53,3:58,413
16630,37,KTYM,2,5:05,5:08,471
16630,42,KYJ,2,6:21,6:23,526
16630,45,QLN,2,7:10,7:13,567
16630,53,TVC,2,9:00,9:00,631
16649,15,CLT,1,9:20,9:25,221
16649,23,SRR,1,11:15,11:42,307
16649,25,TCR,1,12:24,12:27,341
16649,31,ERN,1,14:03,14:08,413
16649,35,KTYM,1,15:46,15:49,471
16649,40,KYJ,1,16:56,16:58,526
16649,43,QLN,1,17:45,17:48,567
16649,49,TVC,1,18:57,19:02,631
16649,55,NCJ,1,20:55,21:00,702
16649,56,CAPE,1,21:15,21:15,718
16650,1,CAPE,1,3:45,3:45,0
16650,2,NCJ,1,4:05,4:10,16
16650,8,TVC,1,6:05,6:15,87
16650,13,QLN,1,7:32,7:35,151
16650,16,KYJ,1,8:27,8:29,192
16650,21,KTYM,1,9:35,9:42,247
16650,25,ERN,1,11:13,11:18,307
16650,31,TCR,1,12:49,12:52,378
16650,33,SRR,1,14:12,14:22,413
16650,41,CLT,1,16:25,17:00,498
16729,1,MDU,1,23:25,23:25,0
16729,8,TEN,2,2:10,2:15,157
16729,16,TVC,2,6:29,6:34,301
16729,18,KCVL,2,6:52,7:02,307
16729,29,QLN,2,8:35,8:40,365
16729,36,PUU,2,10:00,10:00,409
16730,1,PUU,1,17:15,17:15,0
16730,8,QLN,1,18:30,18:35,44
16730,19,KCVL,1,20:00,20:01,102
16730,21,TVC,1,20:20,20:27,108
16730,29,TEN,2,0:25,0:30,252
16730,36,MDU,2,3:40,3:40,409
16791,1,TEN,1,23:30,23:30,0
16791,10,PUU,2,3:20,3:25,129
16791,15,QLN,2,4:35,4:55,173
16791,21,KYJ,2,6:00,6:02,214
16791,27,KTYM,2,7:11,7:14,269
16791,34,ERN,2,8:58,9:03,329
16791,37,TCR,2,10:13,10:16,400
16791,39,PGT,2,12:00,12:00,478
16792,1,PGT,1,16:05,16:05,0
16792,3,TCR,1,17:24,17:27,76
16792,6,ERN,1,18:56,19:01,148
16792,13,KTYM,1,20:32,20:53,207
16792,19,KYJ,1,21:53,22:01,262
16792,25,QLN,1,23:00,23:35,303
16792,31,PUU,2,0:44,0:54,347
16792,39,TEN,2,4:40,4:40,476
16861,21,TEN,2,0:15,0:30,610
16861,22,NCJ,2,1:50,1:55,683
16861,23,CAPE,2,2:20,2:20,699
16862,1,CAPE,1,14:00,14:00,0
16862,2,NCJ,1,14:20,14:25,16
16862,4,TEN,1,15:40,15:45,89
17229,1,TVC,1,6:45,6:45,0
17229,3,QLN,1,7:52,7:55,64
17229,5,KYJ,1,8:40,8:42,105
17229,10,KTYM,1,9:50,9:53,160
17229,11,ERN,1,11:20,11:25,220
17229,13,TCR,1,12:37,12:40,291
17229,16,PGT,1,14:45,14:55,369
17229,19,ED,1,17:50,18:00,524
17230,26,ED,2,6:16,6:26,1033
17230,29,PGT,2,9:25,9:35,1188
17230,32,TCR,2,11:11,11:14,1264
17230,34,ERN,2,12:41,12:46,1336
17230,35,KTYM,2,13:49,13:52,1395
17230,40,KYJ,2,15:09,15:11,1450
17230,42,QLN,2,16:16,16:19,1491
17230,44,TVC,2,18:05,18:05,1554
17235,11,MDU,2,3:05,3:10,432
17235,15,TEN,2,5:50,5:55,589
17235,17,NCJ,2,7:30,7:30,662
17236,1,NCJ,1,19:15,19:15,0
17236,4,TEN,1,21:25,21:30,73
17236,8,MDU,1,23:55,0:00,230
17421,6,ED,1,20:20,20:25,372
17421,9,PGT,1,23:50,23:53,527
17421,10,TCR,2,1:26,1:29,604
17421,12,ERN,2,3:24,3:29,675
17421,13,KTYM,2,4:24,4:27,734
17421,18,KYJ,2,5:36,5:38,789
17421,19,QLN,2,6:20,6:20,830
17422,1,QLN,1,10:45,10:45,0
17422,2,KYJ,1,11:20,11:22,41
17422,7,KTYM,1,12:27,12:30,96
17422,8,ERN,1,13:35,13:40,156
17422,10,TCR,1,15:00,15:03,227
17422,11,PGT,1,17:12,17:15,304
17422,14,ED,1,20:32,20:35,459
18189,48,ED,2,19:42,19:57,2013
18189,51,PGT,2,22:50,23:00,2155
18189,52,TCR,3,0:14,0:17,2232
18189,54,ERS,3,1:55,1:55,2306
18190,1,ERS,1,7:15,7:15,0
18190,3,TCR,1,8:39,8:42,74
18190,4,PGT,1,10:41,10:51,151
18190,7,ED,1,13:50,14:00,293
18567,19,ED,2,3:05,3:15,1118
18567,22,PGT,2,6:10,6:20,1272
18567,24,TCR,2,7:55,7:58,1349
18567,26,ERN,2,9:35,9:40,1420
18567,27,KTYM,2,10:43,10:46,1479
18567,32,KYJ,2,11:58,12:00,1534
18567,35,QLN,2,12:55,12:55,1575
18568,1,QLN,1,19:35,19:35,0
18568,4,KYJ,1,20:28,20:30,41
18568,9,KTYM,1,21:38,21:41,96
18568,10,ERN,1,23:15,23:20,156
18568,12,TCR,2,0:39,0:42,227
18568,13,PGT,2,2:15,2:25,304
18568,16,ED,2,5:25,5:30,459
19259,1,KCVL,1,15:45,15:45,0
19259,2,QLN,1,16:47,16:50,58
19259,3,KYJ,1,17:24,17:26,99
19259,6,KTYM,1,18:30,18:35,154
19259,7,ERN,1,20:18,20:28,214
19259,9,TCR,1,22:01,22:04,285
19259,10,SRR,1,22:50,23:00,320
19259,12,CLT,2,0:20,0:30,405
19260,37,CLT,2,21:40,21:45,1864
19260,39,SRR,3,0:10,0:35,1950
19260,40,TCR,3,1:13,1:16,1984
19260,42,ERN,3,2:38,2:43,2056
19260,43,KTYM,3,3:49,3:52,2114
19260,46,KYJ,3,5:04,5:06,2169
19260,47,QLN,3,5:45,5:48,2210
19260,48,KCVL,3,6:45,6:45,2268
19577,1,TEN,1,5:15,5:15,0
19577,6,TVC,1,8:50,9:00,144
19577,7,QLN,1,10:07,10:10,209
19577,8,KYJ,1,10:50,10:52,250
19577,9,ALLP,1,11:32,11:35,293
19577,11,ERS,1,13:00,13:05,350
19577,13,TCR,1,14:25,14:28,424
19577,14,SRR,1,15:17,15:25,459
19577,16,CLT,1,16:45,16:50,544
19578,29,CLT,3,8:10,8:15,1893
19578,31,SRR,3,9:40,10:55,1979
19578,32,TCR,3,11:36,11:39,2013
19578,34,ERS,3,13:02,13:07,2088
19578,36,ALLP,3,14:23,14:26,2145
19578,37,KYJ,3,15:20,15:22,2188
19578,38,QLN,3,16:17,16:20,2229
19578,39,TVC,3,18:20,18:25,2293
19578,45,TEN,3,22:20,22:20,2437
20631,4,CLT,1,9:02,9:06,221
20631,6,SRR,1,10:09,10:13,307
20631,7,TCR,1,10:47,10:49,341
20631,8,ERS,1,11:45,11:48,415
20631,9,ALLP,1,12:47,12:49,472
20631,10,QLN,1,13:57,13:59,556
20631,11,TVC,1,15:05,15:05,620
20632,1,TVC,1,16:05,16:05,0
20632,2,QLN,1,16:53,16:55,64
20632,3,ALLP,1,17:55,17:57,149
20632,4,ERS,1,18:56,19:00,206
20632,5,TCR,1,20:01,20:04,280
20632,6,SRR,1,20:51,20:55,314
20632,8,CLT,1,21:58,22:02,400
20633,3,CLT,1,16:33,16:37,175
20633,4,SRR,1,17:42,17:46,261
20633,5,TCR,1,18:20,18:23,295
20633,6,ERN,1,19:25,19:28,367
20633,7,KTYM,1,20:17,20:20,426
20633,9,QLN,1,21:42,21:45,521
20633,10,TVC,1,22:40,22:40,585
20634,1,TVC,1,5:15,5:15,0
20634,2,QLN,1,6:10,6:13,64
20634,4,KTYM,1,7:39,7:42,160
20634,5,ERN,1,8:39,8:42,220
20634,6,TCR,1,9:38,9:41,291
20634,7,SRR,1,10:11,10:15,326
20634,8,CLT,1,11:16,11:20,412
20635,11,MDU,2,3:40,3:45,496
20635,16,TEN,2,6:25,6:30,653
20635,25,TVC,2,9:35,9:40,797
20635,28,QLN,2,11:15,11:15,862
20636,1,QLN,1,14:50,14:50,0
20636,4,TVC,1,16:05,16:12,64
20636,13,TEN,1,19:15,19:20,208
20636,18,MDU,1,21:55,22:00,365
20691,16,MDU,2,8:40,8:45,536
20691,20,TEN,2,11:15,11:20,692
20691,22,NCJ,2,12:45,12:45,766
20692,1,NCJ,1,15:50,15:50,0
20692,3,TEN,1,17:10,17:15,73
20692,7,MDU,1,19:45,19:50,230
20909,1,KCVL,1,9:10,9:10,0
20909,2,QLN,1,10:08,10:11,58
20909,3,KYJ,1,10:50,10:52,99
20909,4,ALLP,1,11:32,11:35,142
20909,6,ERS,1,13:00,13:05,199
20909,7,TCR,1,14:20,14:23,273
20909,8,SRR,1,15:17,15:25,308
20909,10,CLT,1,16:45,16:50,394
20910,36,CLT,3,8:10,8:15,2032
20910,38,SRR,3,9:42,10:55,2118
20910,39,TCR,3,11:36,11:39,2152
20910,40,ERS,3,13:08,13:13,2226
20910,41,ALLP,3,14:22,14:25,2283
20910,42,KYJ,3,15:20,15:22,2327
20910,43,QLN,3,16:17,16:20,2367
20910,44,KCVL,3,18:00,18:00,2426
20923,1,TEN,1,5:15,5:15,0
20923,6,TVC,1,8:50,9:00,144
20923,7,QLN,1,10:05,10:08,209
20923,8,KYJ,1,10:47,10:49,250
20923,9,ALLP,1,11:25,11:28,293
20923,10,ERS,1,12:50,12:55,350
20923,11,TCR,1,14:09,14:12,424
20923,12,SRR,1,15:17,15:25,459
20923,13,CLT,1,16:45,16:50,544
20924,20,CLT,2,13:50,13:55,1866
20924,21,SRR,2,15:25,15:35,1952
20924,22,TCR,2,16:10,16:13,1986
20924,23,ERS,2,18:10,18:15,2060
20924,26,ALLP,2,19:32,19:35,2117
20924,27,KYJ,2,20:52,20:54,2161
20924,28,QLN,2,21:39,21:42,2201
20924,29,TVC,2,23:49,23:54,2265
20924,32,TEN,3,2:05,2:05,2410
20931,1,KCVL,1,9:10,9:10,0
20931,2,QLN,1,10:08,10:11,58
20931,3,KYJ,1,10:50,10:52,99
20931,4,ALLP,1,11:32,11:35,142
20931,6,ERS,1,13:00,13:05,199
20931,8,TCR,1,14:20,14:23,273
20931,9,SRR,1,15:17,15:25,308
20931,10,CLT,1,16:45,16:50,394
20932,36,CLT,3,8:10,8:15,1903
20932,37,SRR,3,9:45,10:55,1989
20932,38,TCR,3,11:35,11:38,2023
20932,40,ERS,3,13:02,13:07,2097
20932,42,ALLP,3,14:22,14:25,2154
20932,43,KYJ,3,15:20,15:22,2198
20932,44,QLN,3,16:17,16:20,2239
20932,45,KCVL,3,18:00,18:00,2297
22113,25,CLT,2,14:05,14:10,1111
22113,27,SRR,2,15:40,15:55,1197
22113,28,TCR,2,16:38,16:41,1231
22113,29,ERN,2,18:13,18:18,1303
22113,30,KTYM,2,19:25,19:28,1362
22113,33,KYJ,2,20:41,20:43,1417
22113,34,QLN,2,21:25,21:28,1457
22113,35,KCVL,2,22:45,22:45,1516
22114,1,KCVL,1,0:55,0:55,0
22114,2,QLN,1,1:52,1:55,58
22114,3,KYJ,1,2:34,2:36,99
22114,6,KTYM,1,3:40,3:43,154
22114,7,ERN,1,5:05,5:15,214
22114,8,TCR,1,6:23,6:26,285
22114,9,SRR,1,7:21,7:31,320
22114,11,CLT,1,8:50,8:55,405
22149,1,ERS,1,2:15,2:15,0
22149,2,TCR,1,3:23,3:26,74
22149,3,SRR,1,4:30,4:40,109
22149,5,CLT,1,6:00,6:05,194
22150,25,CLT,2,17:30,17:35,1177
22150,27,SRR,2,19:00,19:10,1263
22150,28,TCR,2,20:00,20:03,1297
22150,29,ERS,2,21:55,21:55,1372
22207,4,ED,1,21:45,21:48,404
22207,6,PGT,2,0:28,0:38,559
22207,7,TCR,2,1:45,1:48,635
22207,8,ERS,2,3:15,3:20,709
22207,9,ALLP,2,4:13,4:16,766
22207,10,QLN,2,5:50,5:53,851
22207,11,TVC,2,7:00,7:00,914
22208,1,TVC,1,19:15,19:15,0
22208,2,QLN,1,20:18,20:20,64
22208,3,ALLP,1,21:40,21:42,149
22208,4,ERS,1,22:43,22:48,206
22208,5,TCR,1,23:56,23:58,280
22208,6,PGT,2,1:30,1:40,357
22208,8,ED,2,4:30,4:33,512
22503,1,CAPE,1,17:25,17:25,0
22503,2,NCJ,1,17:45,17:54,16
22503,4,TVC,1,19:30,19:50,87
22503,5,QLN,1,20:55,20:58,151
22503,7,KTYM,1,22:39,22:42,247
22503,8,ERN,2,0:10,0:15,307
22503,10,TCR,2,1:26,1:29,378
22503,11,PGT,2,2:58,3:08,455
22503,14,ED,2,6:05,6:15,610
22504,50,ED,4,9:15,9:25,3544
22504,53,PGT,4,12:15,12:20,3699
22504,54,TCR,4,13:29,13:32,3776
22504,56,ERN,4,14:48,14:53,3848
22504,57,KTYM,4,16:00,16:03,3906
22504,59,QLN,4,18:00,18:03,4002
22504,60,TVC,4,19:20,19:32,4066
22504,62,NCJ,4,21:15,21:20,4137
22504,63,CAPE,4,21:55,21:55,4152
22619,19,ED,2,14:05,14:15,1841
22619,22,PGT,2,17:10,17:20,1996
22619,23,TCR,2,18:34,18:37,2073
22619,25,ERS,2,20:05,20:10,2147
22619,28,ALLP,2,21:33,21:42,2204
22619,29,KYJ,2,22:25,22:27,2247
22619,30,QLN,2,23:12,23:15,2288
22619,31,TVC,3,0:20,0:25,2352
22619,33,TEN,3,3:15,3:15,2496
22620,1,TEN,1,1:25,1:25,0
22620,3,TVC,1,4:10,4:25,144
22620,4,QLN,1,5:32,5:35,209
22620,5,KYJ,1,6:20,6:22,250
22620,6,ALLP,1,7:06,7:09,293
22620,8,ERS,1,8:25,8:30,350
22620,10,TCR,1,9:46,9:49,424
22620,11,PGT,1,11:25,11:35,501
22620,15,ED,1,15:12,15:22,656
22621,5,MDU,1,23:45,0:05,161
22621,7,TEN,2,2:34,2:37,318
22621,8,NCJ,2,3:53,3:56,391
22621,9,CAPE,2,4:15,4:15,406
22622,1,CAPE,1,22:15,22:15,0
22622,2,NCJ,1,22:35,22:40,16
22622,4,TEN,1,23:55,23:58,89
22622,6,MDU,2,2:30,2:52,245
22627,4,MDU,1,9:35,9:40,160
22627,8,TEN,1,12:15,12:20,316
22627,13,TVC,1,15:20,15:20,461
22628,1,TVC,1,11:35,11:35,0
22628,5,TEN,1,14:35,14:40,144
22628,9,MDU,1,17:10,17:15,301
22633,1,TVC,1,14:40,14:40,0
22633,2,QLN,1,15:36,15:39,64
22633,3,KYJ,1,16:18,16:20,105
22633,4,ALLP,1,17:15,17:27,149
22633,5,ERS,1,18:30,18:50,206
22633,7,TCR,1,20:04,20:07,280
22633,8,SRR,1,21:10,21:17,314
22633,9,CLT,1,22:32,22:35,400
22634,33,CLT,3,13:40,13:55,2448
22634,34,SRR,3,15:23,15:33,2535
22634,35,TCR,3,16:12,16:15,2569
22634,37,ERS,3,18:00,18:59,2643
22634,38,ALLP,3,20:28,20:33,2700
22634,39,KYJ,3,21:25,21:27,2743
22634,40,QLN,3,22:07,22:10,2784
22634,41,TVC,3,23:20,23:20,2848
22639,6,ED,2,2:48,2:53,404
22639,10,PGT,2,5:40,5:45,559
22639,14,TCR,2,7:11,7:14,635
22639,20,ERN,2,8:50,8:55,707
22639,21,ERS,2,9:12,9:17,709
22639,25,ALLP,2,10:40,10:40,766
22640,1,ALLP,1,15:20,15:20,0
22640,4,ERS,1,16:40,16:55,57
22640,5,ERN,1,17:09,17:11,60
22640,10,TCR,1,18:35,18:38,131
22640,14,PGT,1,20:15,20:25,208
22640,18,ED,1,23:20,23:25,363
22641,1,TVC,1,16:55,16:55,0
22641,2,QLN,1,17:55,17:58,64
22641,3,KYJ,1,18:40,18:42,105
22641,6,ALLP,1,20:06,20:09,149
22641,9,ERS,1,21:25,21:35,206
22641,11,TCR,1,23:00,23:03,280
22641,12,PGT,2,0:25,0:35,357
22641,15,ED,2,3:30,3:35,512
22642,24,ED,3,9:00,9:05,2054
22642,27,PGT,3,11:55,12:05,2209
22642,29,TCR,3,13:50,13:53,2285
22642,31,ERS,3,15:25,15:30,2360
22642,33,ALLP,3,16:39,16:45,2417
22642,36,KYJ,3,17:40,17:42,2460
22642,37,QLN,3,18:22,18:25,2501
22642,39,TVC,3,19:55,19:55,2565
22643,1,ERS,1,17:20,17:20,0
22643,3,TCR,1,18:42,18:45,74
22643,4,PGT,1,20:26,20:36,151
22643,7,ED,1,23:40,23:45,306
22644,37,ED,3,9:00,9:05,2485
22644,40,PGT,3,11:55,12:05,2640
22644,42,TCR,3,13:50,13:53,2717
22644,44,ERS,3,15:40,15:40,2791
22645,35,ED,3,5:08,5:18,2151
22645,38,PGT,3,8:10,8:20,2306
22645,41,TCR,3,9:45,9:48,2382
22645,46,ERN,3,11:16,11:18,2454
22645,47,ERS,3,11:27,11:32,2457
22645,50,ALLP,3,12:46,12:49,2514
22645,53,KYJ,3,13:51,13:53,2557
22645,54,QLN,3,14:37,14:40,2598
22645,55,KCVL,3,15:40,15:40,2656
22646,1,KCVL,1,6:35,6:35,0
22646,2,QLN,1,7:40,7:43,58
22646,3,KYJ,1,8:31,8:33,99
22646,6,ALLP,1,9:20,9:23,142
22646,8,ERS,1,10:45,10:50,199
22646,13,TCR,1,12:24,12:27,273
22646,16,PGT,1,14:12,14:22,351
22646,19,ED,1,17:10,17:20,505
22647,36,ED,3,5:08,5:18,1998
22647,39,PGT,3,8:10,8:20,2153
22647,42,TCR,3,9:45,9:48,2230
22647,47,ERN,3,11:20,11:25,2301
22647,49,KTYM,3,12:34,12:37,2360
22647,53,KYJ,3,13:51,13:53,2415
22647,54,QLN,3,14:37,14:40,2456
22647,55,KCVL,3,15:40,15:40,2514
22648,1,KCVL,1,6:15,6:15,0
22648,2,QLN,1,7:13,7:16,58
22648,3,KYJ,1,7:57,7:59,99
22648,7,KTYM,1,9:08,9:11,154
22648,9,ERN,1,10:39,10:56,214
22648,14,TCR,1,12:28,12:31,285
22648,17,PGT,1,14:10,14:20,362
22648,20,ED,1,17:12,17:22,517
22653,1,TVC,1,22:00,22:00,0
22653,2,QLN,1,23:02,23:05,64
22653,3,KYJ,1,23:40,23:42,105
22653,5,KTYM,2,0:45,0:48,160
22653,6,ERN,2,2:15,2:20,220
22653,7,TCR,2,3:28,3:31,291
22653,8,SRR,2,4:30,4:40,326
22653,9,CLT,2,6:00,6:05,412
22654,34,CLT,2,22:04,22:09,2448
22654,35,SRR,2,23:44,0:09,2535
22654,36,TCR,3,1:00,1:03,2569
22654,37,ERN,3,2:40,2:45,2640
22654,38,KTYM,3,3:50,3:53,2699
22654,40,KYJ,3,5:02,5:04,2754
22654,41,QLN,3,5:45,5:48,2795
22654,42,TVC,3,6:50,6:50,2859
22655,1,ERS,1,2:15,2:15,0
22655,2,TCR,1,3:23,3:26,74
22655,3,SRR,1,4:30,4:40,109
22655,4,CLT,1,6:00,6:05,194
22656,31,CLT,2,22:02,22:05,2448
22656,32,SRR,2,23:45,0:12,2535
22656,33,TCR,3,1:00,1:03,2569
22656,34,ERS,3,2:35,2:35,2643
22657,7,MDU,2,2:45,2:50,471
22657,11,TEN,2,5:30,5:35,628
22657,13,NCJ,2,7:10,7:10,701
22658,1,NCJ,1,16:30,16:30,0
22658,3,TEN,1,18:00,18:05,73
22658,7,MDU,1,21:00,21:05,230
22659,1,KCVL,1,4:50,4:50,0
22659,2,QLN,1,5:50,5:53,58
22659,3,ALLP,1,7:25,7:37,142
22659,5,ERS,1,9:35,9:40,199
22659,6,TCR,1,11:07,11:10,273
22659,7,SRR,1,12:00,12:20,308
22659,8,CLT,1,13:37,13:42,394
22660,35,CLT,3,4:50,4:55,2726
22660,36,SRR,3,6:25,6:40,2812
22660,37,TCR,3,7:31,7:44,2846
22660,38,ERS,3,9:37,9:42,2920
22660,41,ALLP,3,10:56,10:59,2977
22660,42,QLN,3,12:42,12:45,3061
22660,43,KCVL,3,14:30,14:30,3119
22667,1,NCJ,1,21:55,21:55,0
22667,3,TEN,1,23:15,23:20,73
22667,7,MDU,2,2:00,2:05,230
22667,10,ED,2,5:30,5:35,435
22668,3,ED,1,21:05,21:08,101
22668,6,MDU,2,0:40,0:45,305
22668,10,TEN,2,3:20,3:25,462
22668,12,NCJ,2,4:45,4:45,535
22669,1,ERS,1,23:55,23:55,0
22669,5,TCR,2,1:59,2:02,74
22669,6,PGT,2,3:28,3:35,151
22669,9,ED,2,6:35,6:45,306
22670,37,ED,3,15:25,15:35,2747
22670,40,PGT,3,18:30,18:40,2903
22670,41,TCR,3,20:00,20:03,2979
22670,43,ERS,3,21:40,21:40,3053
22677,7,ED,1,21:08,21:11,330
22677,10,PGT,2,0:05,0:15,485
22677,11,TCR,2,1:29,1:32,562
22677,12,ERN,2,2:45,2:50,633
22677,13,KTYM,2,3:57,4:00,692
22677,16,QLN,2,5:49,5:52,788
22677,17,KCVL,2,6:45,6:45,846
22678,1,KCVL,1,12:50,12:50,0
22678,2,QLN,1,13:47,13:50,58
22678,5,KTYM,1,15:42,15:49,154
22678,6,ERN,1,16:57,17:02,214
22678,7,TCR,1,18:13,18:15,285
22678,8,PGT,1,19:50,20:00,362
22678,11,ED,1,23:00,23:05,517
22815,17,ED,2,14:05,14:15,1841
22815,20,PGT,2,17:10,17:20,1996
22815,21,TCR,2,18:34,18:37,2073
22815,23,ERS,2,20:15,20:15,2147
22816,1,ERS,1,8:30,8:30,0
22816,3,TCR,1,9:46,9:49,74
22816,4,PGT,1,11:25,11:35,151
22816,8,ED,1,15:12,15:22,306
22837,28,ED,3,3:05,3:15,1939
22837,30,PGT,3,6:10,6:20,2094
22837,32,TCR,3,7:55,7:58,2170
22837,34,ERS,3,9:45,9:45,2244
22838,1,ERS,1,23:25,23:25,0
22838,3,TCR,2,0:46,0:49,74
22838,4,PGT,2,2:15,2:25,151
22838,6,ED,2,5:25,5:30,306
22877,21,ED,2,21:45,21:48,1982
22877,23,PGT,3,0:28,0:38,2138
22877,24,TCR,3,1:45,1:48,2214
22877,25,ERS,3,3:30,3:30,2288
22878,1,ERS,1,23:25,23:25,0
22878,2,TCR,2,0:39,0:42,74
22878,3,PGT,2,2:15,2:25,151
22878,5,ED,2,5:25,5:30,306
